epoch,mae,precision,recall,f1
0,0.13601958911120893,0.809664348908658,0.42155698274711156,0.6677874321515956
