epoch,mae,precision,recall,f1
0,0.11887679504603148,0.7747799477145058,0.6649869724451003,0.7463433277544089
