epoch,mae,precision,recall,f1
0,0.12108443235233426,0.7762212588575926,0.648310085188792,0.7424184816273208
