epoch,mae,precision,recall,f1
0,0.11671078906580806,0.7826436308011372,0.6573939730312052,0.7496822090122756
