epoch,mae,precision,recall,f1
0,0.11357356018200516,0.8103625949553197,0.6122598191250191,0.7540587699360434
