epoch,mae,precision,recall,f1
0,0.11585898504406214,0.7795620128213,0.6745451003916143,0.7525256982262988
