epoch,mae,precision,recall,f1
0,0.11134547597914934,0.7994315564977265,0.6312985206013093,0.7531430007953822
