epoch,mae,precision,recall,f1
0,0.12951750569418072,0.8059540038407157,0.5129392913527386,0.7120829011447758
