epoch,mae,precision,recall,f1
0,0.11469806503877043,0.7939160635833044,0.6327648932885889,0.7498462499282302
