epoch,mae,precision,recall,f1
0,0.11698628700524569,0.7747023873430923,0.6748265027762238,0.7491167683032276
