epoch,mae,precision,recall,f1
0,0.11455356314778328,0.7870167149398859,0.6670056897697398,0.7556415970253323
