epoch,mae,precision,recall,f1
0,0.12226424537599087,0.7463220787611529,0.7201363863733126,0.7401116093698361
