epoch,mae,precision,recall,f1
0,0.11803395310044289,0.7776863728376661,0.656308491508333,0.7458544047679325
