epoch,mae,precision,recall,f1
0,0.10030190224945545,0.8482750101586026,0.658156675198498,0.7952619564686805
