epoch,mae,precision,recall,f1
0,0.10985568498447537,0.8084932177878384,0.6447164767050244,0.7637222189324571
